Categoría,Nº,Título,Empresa,Localidad,Stack Tecnológico,Salario,Experiencia,Tipo Contrato,URL
Big Data,1,GlobalSysInfo,No especificada,Madrid - España,"Python, SQL, Azure, AWS, Spark, Databricks, R, Git, PySpark",27/05/2026 ,No especificada,Indefinido,https://www.tecnoempleo.com/globalsysinfo/re-206065
Big Data,2,GlobalSysInfo,No especificada,Madrid - España,"Python, SQL, Azure, AWS, Spark, Databricks, R, Git, PySpark",27/05/2026 ,No especificada,Indefinido,https://www.tecnoempleo.com/globalsysinfo/re-206065
Big Data,3,GlobalSysInfo,No especificada,Madrid - España,"Python, SQL, Azure, AWS, Spark, Databricks, R, Git, PySpark",27/05/2026 ,No especificada,Indefinido,https://www.tecnoempleo.com/globalsysinfo/re-206065
Big Data,4,CAS TRAINING,No especificada,Madrid - España,"Python, SQL, Azure, AWS, Spark, Databricks, Java, Scala, R, Kafka",27/05/2026 ,2+ años,Indefinido,https://www.tecnoempleo.com/cas-training/re-151697
Big Data,5,Michael Page,No especificada,"Madrid, España","Python, SQL, AWS, R, Git",27/05/2026 ,No especificada,Indefinido,https://www.tecnoempleo.com/michaelpage-trabajo
Big Data,6,CAS TRAINING,No especificada,Madrid - España,"Python, SQL, Azure, AWS, Spark, Databricks, Java, Scala, R, Kafka",27/05/2026 ,2+ años,Indefinido,https://www.tecnoempleo.com/cas-training/re-151697
Big Data,7,CAS TRAINING,No especificada,Madrid - España,"Python, SQL, Azure, AWS, Spark, Databricks, Java, Scala, R, Kafka",27/05/2026 ,2+ años,Indefinido,https://www.tecnoempleo.com/cas-training/re-151697
Big Data,8,Arelance,No especificada,"Málaga, España","Python, SQL, Java, R, Git, Docker, Kubernetes",27/05/2026 ,20+ años,Indefinido,https://www.tecnoempleo.com/arelance-trabajo
Big Data,9,Talan,No especificada,100% remoto,"Python, SQL, Spark, Java, Scala, R, TensorFlow, Power BI, Git, PostgreSQL",27/05/2026 ,No especificada,Indefinido,https://www.tecnoempleo.com/talan/re-205896
Big Data,10,Sanofi,No especificada,Sanofi tiene una importante presencia en,"Python, Spark, R, Git, PySpark","500 empleados y empleadas, dos sedes (Barcelona y ",50+ años,Indefinido,https://www.tecnoempleo.com/sanofi/re-206465
Big Data,11,Sanofi,No especificada,Sanofi tiene una importante presencia en,"Python, Spark, R, Git, PySpark","500 empleados y empleadas, dos sedes (Barcelona y ",50+ años,Indefinido,https://www.tecnoempleo.com/sanofi/re-206465
Big Data,12,UST,No especificada,"Madrid, España","SQL, Azure, Java, R, Git, Docker, Kubernetes",27/05/2026 ,No especificada,Indefinido,https://www.tecnoempleo.com/ust-trabajo
Big Data,13,Ebury,No especificada,Madrid (Híbrido),"Python, SQL, Java, R, Git, Airflow",2009 por los ingenieros españoles Juan Lobato y Sa,No especificada,Indefinido,https://www.tecnoempleo.com/ebury/re-205689
Big Data,14,Santander,No especificada,Madrid,"Python, SQL, Azure, AWS, Spark, Databricks, Java, R, TensorFlow, Git",1857 con sede en España. Cuenta con una presencia ,No especificada,Indefinido,https://www.tecnoempleo.com/santander/re-205659
Big Data,15,sg tech,No especificada,Madrid (Híbrido),"Python, SQL, AWS, Spark, Java, Scala, R, TensorFlow, Kafka, Git",27/05/2026 ,20+ años,Indefinido,https://www.tecnoempleo.com/sg-tech/re-205948
Big Data,16,Ebury,No especificada,Madrid (Híbrido),"Python, SQL, Java, R, Git, Airflow",2009 por los ingenieros españoles Juan Lobato y Sa,No especificada,Indefinido,https://www.tecnoempleo.com/ebury/re-205689
Big Data,17,Sopra Steria,No especificada,Madrid,"Python, SQL, Azure, Spark, Databricks, Java, Scala, R, Git, MongoDB",27/05/2026 ,No especificada,Indefinido,https://www.tecnoempleo.com/sopra-steria/re-206045
Big Data,18,knowmad mood,No especificada,100% remoto,"Python, SQL, Azure, AWS, Java, R, Kafka, Git, Docker, Kubernetes",27/05/2026 ,No especificada,Indefinido,https://www.tecnoempleo.com/knowmad-mood/re-206979
Big Data,19,GlobalSysInfo,No especificada,Madrid - España,"Python, SQL, Azure, AWS, Spark, Databricks, R, Git, PySpark",27/05/2026 ,No especificada,Indefinido,https://www.tecnoempleo.com/globalsysinfo/re-206065
Big Data,20,Invoin,No especificada,"Madrid, España","Python, SQL, AWS, Java, R, Git",27/05/2026 ,25+ años,Indefinido,https://www.tecnoempleo.com/invoin-trabajo
Big Data,21,Serem,No especificada,"Madrid, España","Python, SQL, Azure, AWS, Java, R, Kafka, Git, MongoDB","1995, con más de 450 ",No especificada,Indefinido,https://www.tecnoempleo.com/serem-trabajo
Big Data,22,Cajamar Tecnología,No especificada,Madrid,"Python, SQL, Azure, R, Power BI, Git",27/05/2026 ,No especificada,Indefinido,https://www.tecnoempleo.com/cajamar-tecnologia/re-166959
Big Data,23,Grupo Digital,No especificada,"Madrid, España","Python, Azure, R, Git, Kubernetes",1996 ,No especificada,Indefinido,https://www.tecnoempleo.com/grupo-digital-trabajo
Analista De Datos,24,Cajamar Tecnología,No especificada,Madrid,"Python, SQL, Azure, R, Power BI, Git",27/05/2026 ,No especificada,Indefinido,https://www.tecnoempleo.com/cajamar-tecnologia/re-166959
Analista De Datos,25,Serem,No especificada,"Madrid, España","Python, SQL, Azure, AWS, Java, R, Kafka, Git, MongoDB","1995, con más de 450 ",No especificada,Indefinido,https://www.tecnoempleo.com/serem-trabajo
Analista De Datos,26,CMV Consultores,No especificada,"Madrid, España","SQL, AWS, Java, R, Kafka, Git, Kubernetes",27/05/2026 ,No especificada,Indefinido,https://www.tecnoempleo.com/cmv-consultores-trabajo
Analista De Datos,27,sg tech,No especificada,Madrid (Híbrido),"Python, SQL, AWS, Spark, Java, Scala, R, TensorFlow, Kafka, Git",27/05/2026 ,20+ años,Indefinido,https://www.tecnoempleo.com/sg-tech/re-205948
Analista De Datos,28,Baoss,No especificada,Madrid - España,"SQL, Java, R, Hadoop, Git",2013,No especificada,Indefinido,https://www.tecnoempleo.com/baoss/re-188942
Analista De Datos,29,Alcampo,No especificada,Madrid - España,"Python, Azure, AWS, Java, R, Git",23.000 ,No especificada,Indefinido,https://www.tecnoempleo.com/alcampo/re-206077
Analista De Datos,30,Cajamar Tecnología,No especificada,Madrid,"Python, SQL, Azure, R, Power BI, Git",27/05/2026 ,No especificada,Indefinido,https://www.tecnoempleo.com/cajamar-tecnologia/re-166959
Analista De Datos,31,Baoss,No especificada,Madrid - España,"SQL, Java, R, Hadoop, Git",2013,No especificada,Indefinido,https://www.tecnoempleo.com/baoss/re-188942
Analista De Datos,32,Serem,No especificada,"Madrid, España","Python, SQL, Azure, AWS, Java, R, Kafka, Git, MongoDB","1995, con más de 450 ",No especificada,Indefinido,https://www.tecnoempleo.com/serem-trabajo
Analista De Datos,33,Incoming Domain,No especificada,Barcelona - España,"AWS, R, Git",27/05/2026 ,No especificada,Indefinido,https://www.tecnoempleo.com/incoming-domain/re-162939
Analista De Datos,34,Digital Talent Agency,No especificada,"Barcelona, España","Java, R, Git",27/05/2026 ,15+ años,Indefinido,https://www.tecnoempleo.com/digital-talent-agency-trabajo
Analista De Datos,35,Digital Talent Agency,No especificada,"Barcelona, España","Java, R, Git",27/05/2026 ,15+ años,Indefinido,https://www.tecnoempleo.com/digital-talent-agency-trabajo
Analista De Datos,36,Inkoova,No especificada,Barcelona - España,"Python, SQL, R, Git",26/05/2026 ,No especificada,Indefinido,https://www.tecnoempleo.com/inkoova/re-200074
Analista De Datos,37,Cajamar Tecnología,No especificada,Madrid,"Python, SQL, Azure, R, Power BI, Git",27/05/2026 ,No especificada,Indefinido,https://www.tecnoempleo.com/cajamar-tecnologia/re-166959
Analista De Datos,38,Aubay,No especificada,Barcelona (Híbrido),"Python, Azure, AWS, Java, R, Git",26/05/2026 ,No especificada,Indefinido,https://www.tecnoempleo.com/aubay/re-206070
Analista De Datos,39,Cajamar Tecnología,No especificada,Madrid,"Python, SQL, Azure, R, Power BI, Git",27/05/2026 ,No especificada,Indefinido,https://www.tecnoempleo.com/cajamar-tecnologia/re-166959
Analista De Datos,40,Digital Talent Agency,No especificada,"Barcelona, España","Java, R, Git",27/05/2026 ,15+ años,Indefinido,https://www.tecnoempleo.com/digital-talent-agency-trabajo
Analista De Datos,41,knowmad mood,No especificada,100% remoto,"Python, SQL, Azure, AWS, Java, R, Kafka, Git, Docker, Kubernetes",27/05/2026 ,No especificada,Indefinido,https://www.tecnoempleo.com/knowmad-mood/re-206979
Analista De Datos,42,Aubay,No especificada,Barcelona (Híbrido),"Python, Azure, AWS, Java, R, Git",26/05/2026 ,No especificada,Indefinido,https://www.tecnoempleo.com/aubay/re-206070
Analista De Datos,43,Cajamar Tecnología,No especificada,Madrid,"Python, SQL, Azure, R, Power BI, Git",27/05/2026 ,No especificada,Indefinido,https://www.tecnoempleo.com/cajamar-tecnologia/re-166959
Analista De Datos,44,Cajamar Tecnología,No especificada,Madrid,"Python, SQL, Azure, R, Power BI, Git",27/05/2026 ,No especificada,Indefinido,https://www.tecnoempleo.com/cajamar-tecnologia/re-166959
Analista De Datos,45,Cajamar Tecnología,No especificada,Madrid,"Python, SQL, Azure, R, Power BI, Git",27/05/2026 ,No especificada,Indefinido,https://www.tecnoempleo.com/cajamar-tecnologia/re-166959
Analista De Datos,46,Baoss,No especificada,Madrid - España,"SQL, Java, R, Hadoop, Git",2013,No especificada,Indefinido,https://www.tecnoempleo.com/baoss/re-188942
Analista De Datos,47,Digital Talent Agency,No especificada,"Barcelona, España","Java, R, Git",27/05/2026 ,15+ años,Indefinido,https://www.tecnoempleo.com/digital-talent-agency-trabajo
Analista De Datos,48,Baoss,No especificada,Madrid - España,"SQL, Java, R, Hadoop, Git",2013,No especificada,Indefinido,https://www.tecnoempleo.com/baoss/re-188942
Ingeniero De Datos,49,Michael Page,No especificada,"Madrid, España","Python, SQL, AWS, R, Git",27/05/2026 ,No especificada,Indefinido,https://www.tecnoempleo.com/michaelpage-trabajo
Ingeniero De Datos,50,Invoin,No especificada,"Madrid, España","Python, SQL, AWS, Java, R, Git",27/05/2026 ,25+ años,Indefinido,https://www.tecnoempleo.com/invoin-trabajo
Ingeniero De Datos,51,Cajamar Tecnología,No especificada,Madrid,"Python, SQL, Azure, R, Power BI, Git",27/05/2026 ,No especificada,Indefinido,https://www.tecnoempleo.com/cajamar-tecnologia/re-166959
Ingeniero De Datos,52,Page Personnel,No especificada,"Madrid, España","Python, Java, R, Kafka, Git",27/05/2026 ,No especificada,Indefinido,https://www.tecnoempleo.com/pagepersonnel-trabajo
Ingeniero De Datos,53,CENKER ROBOTICS,No especificada,No especificada,"Python, Java, R, Git",25/05/2026 ,No especificada,Indefinido,https://www.tecnoempleo.com/cenker-robotics/re-207072
Ingeniero De Datos,54,Page Personnel,No especificada,"Madrid, España","Python, Java, R, Kafka, Git",27/05/2026 ,No especificada,Indefinido,https://www.tecnoempleo.com/pagepersonnel-trabajo
Ingeniero De Datos,55,Michael Page,No especificada,"Madrid, España","Python, SQL, AWS, R, Git",27/05/2026 ,No especificada,Indefinido,https://www.tecnoempleo.com/michaelpage-trabajo
Ingeniero De Datos,56,HAYS,No especificada,"Madrid, España","R, Git",620 trabajadores  repartidos en 255 oficinas  en 3,10+ años,Indefinido,https://www.tecnoempleo.com/hays-trabajo
Ingeniero De Datos,57,Page Personnel,No especificada,"Madrid, España","Python, Java, R, Kafka, Git",27/05/2026 ,No especificada,Indefinido,https://www.tecnoempleo.com/pagepersonnel-trabajo
Ingeniero De Datos,58,Page Personnel,No especificada,"Madrid, España","Python, Java, R, Kafka, Git",27/05/2026 ,No especificada,Indefinido,https://www.tecnoempleo.com/pagepersonnel-trabajo
Ingeniero De Datos,59,Page Personnel,No especificada,"Madrid, España","Python, Java, R, Kafka, Git",27/05/2026 ,No especificada,Indefinido,https://www.tecnoempleo.com/pagepersonnel-trabajo
Ingeniero De Datos,60,knowmad mood,No especificada,100% remoto,"Python, SQL, Azure, AWS, Java, R, Kafka, Git, Docker, Kubernetes",27/05/2026 ,No especificada,Indefinido,https://www.tecnoempleo.com/knowmad-mood/re-206979
Ingeniero De Datos,61,Cajamar Tecnología,No especificada,Madrid,"Python, SQL, Azure, R, Power BI, Git",27/05/2026 ,No especificada,Indefinido,https://www.tecnoempleo.com/cajamar-tecnologia/re-166959
Ingeniero De Datos,62,Sedecal,No especificada,Madrid - España,"Azure, R, Git",26/05/2026 ,No especificada,Indefinido,https://www.tecnoempleo.com/sedecal/re-163769
Ingeniero De Datos,63,HAYS,No especificada,"Madrid, España","R, Git",620 trabajadores  repartidos en 255 oficinas  en 3,10+ años,Indefinido,https://www.tecnoempleo.com/hays-trabajo
Ingeniero De Datos,64,Michael Page,No especificada,"Madrid, España","Python, SQL, AWS, R, Git",27/05/2026 ,No especificada,Indefinido,https://www.tecnoempleo.com/michaelpage-trabajo
Ingeniero De Datos,65,Cajamar Tecnología,No especificada,Madrid,"Python, SQL, Azure, R, Power BI, Git",27/05/2026 ,No especificada,Indefinido,https://www.tecnoempleo.com/cajamar-tecnologia/re-166959
Ingeniero De Datos,66,sg tech,No especificada,Madrid (Híbrido),"Python, SQL, AWS, Spark, Java, Scala, R, TensorFlow, Kafka, Git",27/05/2026 ,20+ años,Indefinido,https://www.tecnoempleo.com/sg-tech/re-205948
Ingeniero De Datos,67,CMV Consultores,No especificada,"Madrid, España","SQL, AWS, Java, R, Kafka, Git, Kubernetes",27/05/2026 ,No especificada,Indefinido,https://www.tecnoempleo.com/cmv-consultores-trabajo
Ingeniero De Datos,68,Sopra Steria,No especificada,Madrid,"Python, SQL, Azure, Spark, Databricks, Java, Scala, R, Git, MongoDB",27/05/2026 ,No especificada,Indefinido,https://www.tecnoempleo.com/sopra-steria/re-206045
Ingeniero De Datos,69,Invoin,No especificada,"Madrid, España","Python, SQL, AWS, Java, R, Git",27/05/2026 ,25+ años,Indefinido,https://www.tecnoempleo.com/invoin-trabajo
Ingeniero De Datos,70,Deloitte,No especificada,Madrid (Híbrido),"Python, SQL, Azure, AWS, Spark, Databricks, Java, Scala, R, Power BI","450.000 personas alrededor del planeta, 12.000 ",175+ años,Indefinido,https://www.tecnoempleo.com/deloitte/re-205707
Ingeniero De Datos,71,Deloitte,No especificada,Madrid (Híbrido),"Python, SQL, Azure, AWS, Spark, Databricks, Java, Scala, R, Power BI","450.000 personas alrededor del planeta, 12.000 ",175+ años,Indefinido,https://www.tecnoempleo.com/deloitte/re-205707
Ingeniero De Datos,72,Deloitte,No especificada,Madrid (Híbrido),"Python, SQL, Azure, AWS, Spark, Databricks, Java, Scala, R, Power BI","450.000 personas alrededor del planeta, 12.000 ",175+ años,Indefinido,https://www.tecnoempleo.com/deloitte/re-205707
Cientifico De Datos,73,Atos,No especificada,Madrid (Híbrido),"Python, Java, R, TensorFlow, Git, Kubernetes",08/05/2026 ,No especificada,Indefinido,https://www.tecnoempleo.com/atos/re-206974
Cientifico De Datos,74,Michael Page,No especificada,"Madrid, España","Python, SQL, AWS, R, Git",27/05/2026 ,No especificada,Indefinido,https://www.tecnoempleo.com/michaelpage-trabajo
Cientifico De Datos,75,GMV,No especificada,"Madrid, España","Python, SQL, Azure, AWS, Spark, Java, R, Kafka, Hadoop, Git",1984.  ,No especificada,Indefinido,https://www.tecnoempleo.com/gmv-trabajo
Cientifico De Datos,76,WayOps,No especificada,Madrid,"Python, SQL, AWS, Spark, Java, R, Git, Kubernetes, PostgreSQL, PySpark",23/04/2026 ,No especificada,Indefinido,https://www.tecnoempleo.com/wayops/re-206464
Cientifico De Datos,77,WayOps,No especificada,Madrid,"Python, SQL, AWS, Spark, Java, R, Git, Kubernetes, PostgreSQL, PySpark",23/04/2026 ,No especificada,Indefinido,https://www.tecnoempleo.com/wayops/re-206464
Cientifico De Datos,78,Ofertas de empleo de java,No especificada,Barcelona,"Python, SQL, Azure, AWS, Java, Scala, R, Kafka, Git, Docker",100% En remoto (95,3+ años,Indefinido,https://www.tecnoempleo.com/ofertas-trabajo/java
Cientifico De Datos,79,Ofertas de empleo de python,No especificada,Barcelona,"Python, SQL, Azure, AWS, Spark, Java, R, Git, PostgreSQL, PySpark",100% En remoto (62,3+ años,Indefinido,https://www.tecnoempleo.com/ofertas-trabajo/python
Cientifico De Datos,80,Ofertas de empleo de sql,No especificada,Barcelona,"Python, SQL, Azure, AWS, Spark, Databricks, Java, Scala, R, Power BI",100% En remoto (79,3+ años,Indefinido,https://www.tecnoempleo.com/ofertas-trabajo/sql
Cientifico De Datos,81,Ofertas de empleo de aws,No especificada,Barcelona,"Python, SQL, Azure, AWS, Spark, Java, Scala, R, Git, Docker",100% En remoto (72,3+ años,Indefinido,https://www.tecnoempleo.com/ofertas-trabajo/aws
Cientifico De Datos,82,Ofertas de empleo de sap,No especificada,Barcelona,"Python, SQL, Azure, AWS, Java, R, Git",100% En remoto (29,5+ años,Indefinido,https://www.tecnoempleo.com/ofertas-trabajo/sap
Cientifico De Datos,83,Ofertas de empleo de angular,No especificada,Barcelona,"Python, SQL, Azure, AWS, Java, R, Kafka, Git, Docker, MongoDB",100% En remoto (42,3+ años,Indefinido,https://www.tecnoempleo.com/ofertas-trabajo/angular
Cientifico De Datos,84,Ofertas de empleo de javascript,No especificada,Barcelona,"Python, SQL, Azure, AWS, Java, R, Git, Kubernetes",100% En remoto (59,3+ años,Indefinido,https://www.tecnoempleo.com/ofertas-trabajo/javascript
Cientifico De Datos,85,Ofertas de empleo de spring,No especificada,Barcelona,"Python, SQL, Azure, AWS, Java, Scala, R, Kafka, Git",100% En remoto (64,3+ años,Indefinido,https://www.tecnoempleo.com/ofertas-trabajo/spring
Cientifico De Datos,86,Ofertas de empleo de linux,No especificada,Barcelona,"Python, SQL, Azure, AWS, Java, Scala, R, Git, Docker, Kubernetes",100% En remoto (25,3+ años,Indefinido,https://www.tecnoempleo.com/ofertas-trabajo/linux
Cientifico De Datos,87,Ofertas de empleo de azure,No especificada,Barcelona,"Python, SQL, Azure, AWS, Spark, Databricks, Java, Scala, R, Kafka",100% En remoto (48,3+ años,Indefinido,https://www.tecnoempleo.com/ofertas-trabajo/azure
Cientifico De Datos,88,Empleo de Analista,No especificada,Barcelona,"Python, SQL, Azure, AWS, Databricks, Java, R, Power BI, Git",100% En remoto (33,3+ años,Indefinido,https://www.tecnoempleo.com/ofertas-trabajo/analista
Cientifico De Datos,89,Empleo de Analista Programador,No especificada,Barcelona,"Python, SQL, Azure, AWS, Java, Scala, R, Kafka, Git, PostgreSQL",100% En remoto (75,3+ años,Indefinido,https://www.tecnoempleo.com/ofertas-trabajo/analista-programador
Cientifico De Datos,90,Empleo de Arquitecto TIC,No especificada,Barcelona,"Python, SQL, Azure, AWS, Spark, Databricks, Java, R, Kafka, Git",100% En remoto (21,5+ años,Indefinido,https://www.tecnoempleo.com/ofertas-trabajo/arquitecto-tic
Cientifico De Datos,91,Empleo de Base de Datos/DBA,No especificada,Barcelona,"Python, SQL, Azure, AWS, Databricks, Java, R, Power BI, Git, PostgreSQL","27/05/2026										
",3+ años,Indefinido,https://www.tecnoempleo.com/ofertas-trabajo/base-de-datos-dba
Cientifico De Datos,92,Empleo de Big Data,No especificada,Barcelona,"Python, SQL, Azure, AWS, Spark, Databricks, Java, Scala, R, Git",100% En remoto (30,3+ años,Indefinido,https://www.tecnoempleo.com/ofertas-trabajo/big-data
Cientifico De Datos,93,Empleo de Ciberseguridad,No especificada,Barcelona,"Python, SQL, Azure, AWS, Java, R, Git, Kubernetes",100% En remoto (16,3+ años,Indefinido,https://www.tecnoempleo.com/ofertas-trabajo/ciberseguridad
Cientifico De Datos,94,Empleo de Consultor,No especificada,Barcelona,"Python, SQL, Azure, AWS, Databricks, Java, R, Git",100% En remoto (45,3+ años,Indefinido,https://www.tecnoempleo.com/ofertas-trabajo/consultor
Cientifico De Datos,95,Empleo de Desarrollador Web,No especificada,Barcelona,"Python, SQL, Azure, AWS, Java, Scala, R, Git, Docker, PostgreSQL",100% En remoto (15,5+ años,Indefinido,https://www.tecnoempleo.com/ofertas-trabajo/desarrollador-web
Cientifico De Datos,96,Empleo de DevOps,No especificada,Barcelona,"Python, SQL, Azure, AWS, Java, R, Kafka, Git, Docker, Kubernetes",100% En remoto (27,3+ años,Indefinido,https://www.tecnoempleo.com/ofertas-trabajo/devops
Cientifico De Datos,97,Empleo de Electrónica,No especificada,Barcelona,"Python, SQL, Azure, AWS, Java, R, Git","27/05/2026										
",2+ años,Indefinido,https://www.tecnoempleo.com/ofertas-trabajo/electronica
